{
    "name": "NRF_HAL",
    "description": "nRFgo SDK nRF24L01 transceiver HAL API port for Arduino",
    "keywords": "onewire, 1-wire, arduino, nrf24l01, nordic, transceiver",
    "authors": [
        {
            "name": "Piotr Stolarz",
            "email": "pstolarz@o2.pl",
            "maintainer": true
        }
    ],
    "repository": {
        "type": "git",
        "url": "https://github.com/pstolarz/NRF_HAL"
    },
    "version": "1.0.2",
    "homepage": "https://github.com/pstolarz/NRF_HAL",
    "frameworks": "Arduino",
    "examples": [
        "examples/*/*.ino"
    ]
}
